session,participant,TrialNumber,topColor,topOri,redOpacity,ran,order,Flag,keyDur,keyRT,keyName,keys,expTime-TrialStart,expTime-TrialEnd,eventKeys
red_levels,JH,1,red,135,0.35,1.0,0.0,cut off by trial end,[1.1608238000044366, 0.5181327000027522, 0.7708641999925021, 1.711959999985993, 1.0666850999987219, 0.9853832000080729, 2.6789103000046453, 0.7730997000035131, 0.4965399999928195, 1.013802500005113, 0.7914696999941953, 1.9208953000052134, 1.5443551999924239, 3.099849100006395, 1.0406942999979947, 1.0198521999991499, 1.160229300003266, 0.6154360999935307, 0.462147800004459, 3.699502500006929, 0.8468914999975823, 1.3575526000058744, 1.1332275000022491, 0.9615867999964394],[0.9687541000021156, 2.336451399998623, 2.8130303000070853, 3.48632730000827, 5.132324899997911, 6.110452399996575, 7.0537076000036905, 9.66769679999561, 10.408210000008694, 10.829285300002084, 11.791124900002615, 12.505682100003469, 14.38650890000281, 15.785797699994873, 18.776946600002702, 19.79387449999922, 20.76892709999811, 21.893723800007137, 22.44798240000091, 22.8562024999992, 26.515741600000183, 27.347837699999218, 28.655166700002155, 29.769592299999204],['space', 'right', 'left', 'right', 'left', 'right', 'left', 'right', 'left', 'right', 'left', 'right', 'left', 'space', 'right', 'left', 'right', 'left', 'right', 'space', 'right', 'left', 'right', 'left'],[<psychopy.hardware.keyboard.KeyPress object at 0x00000274CEEA83C8>, <psychopy.hardware.keyboard.KeyPress object at 0x00000274CEEA8CC0>, <psychopy.hardware.keyboard.KeyPress object at 0x00000274CEEA84A8>, <psychopy.hardware.keyboard.KeyPress object at 0x00000274CEEA8898>, <psychopy.hardware.keyboard.KeyPress object at 0x00000274CEEA8BA8>, <psychopy.hardware.keyboard.KeyPress object at 0x00000274CEEA8C88>, <psychopy.hardware.keyboard.KeyPress object at 0x00000274CEEA8D30>, <psychopy.hardware.keyboard.KeyPress object at 0x00000274CEEA8C50>, <psychopy.hardware.keyboard.KeyPress object at 0x00000274CEEA8DD8>, <psychopy.hardware.keyboard.KeyPress object at 0x00000274CEEA8E10>, <psychopy.hardware.keyboard.KeyPress object at 0x00000274CEEA8DA0>, <psychopy.hardware.keyboard.KeyPress object at 0x00000274CEEA8EB8>, <psychopy.hardware.keyboard.KeyPress object at 0x00000274CEEA8EF0>, <psychopy.hardware.keyboard.KeyPress object at 0x00000274CEEA8F28>, <psychopy.hardware.keyboard.KeyPress object at 0x00000274CEEA8550>, <psychopy.hardware.keyboard.KeyPress object at 0x00000274CEEA8FD0>, <psychopy.hardware.keyboard.KeyPress object at 0x00000274CEEA84E0>, <psychopy.hardware.keyboard.KeyPress object at 0x00000274CEEA8470>, <psychopy.hardware.keyboard.KeyPress object at 0x00000274CEEA8A58>, <psychopy.hardware.keyboard.KeyPress object at 0x00000274CEEA88D0>, <psychopy.hardware.keyboard.KeyPress object at 0x00000274CEEA8C18>, <psychopy.hardware.keyboard.KeyPress object at 0x00000274CEEA8B70>, <psychopy.hardware.keyboard.KeyPress object at 0x00000274CEEA8D68>, <psychopy.hardware.keyboard.KeyPress object at 0x00000274CEEA8CF8>],0.0941989,31.076492,[['space', 505.6494210999954], ['right', 505.65001619998657], ['left', 505.6502194999921], ['right', 505.6507727999997], ['left', 505.6513297999918], ['right', 505.65187929999956], ['left', 505.6524242999876], ['right', 505.6529673999903], ['left', 505.65358079998987], ['right', 505.654054899991], ['left', 505.6545969999861], ['right', 505.65520999999717], ['left', 505.65574959998776], ['space', 505.6563202999969], ['right', 505.6569356999971], ['left', 505.6574593999976], ['right', 505.6580052999925], ['left', 505.6585500999936], ['right', 505.65912519999256], ['space', 505.65958169999067], ['right', 505.6602320999955], ['left', 505.66077329999825], ['right', 505.66132039998774], ['left', 505.66185889999906]]
red_levels,JH,2,blue,45,0.45,1.0,1.0,cut off by trial end,[3.192888799996581, 0.621291100003873, 5.516073899998446, 0.5642187999910675, 0.9548586000018986, 5.147844899998745, 0.4142991999979131, 1.0843152000015834, 1.142275799997151, 3.3555837999883806, 0.3850756000028923, 4.564008399989689, 0.664134999999078, 1.1822565000038594, 1.478030199999921],[0.8619521999935387, 3.974052599995048, 4.536644099993282, 9.869084599995404, 10.365002499995171, 11.257329199986998, 16.39964059999329, 16.7702050999942, 17.81691549999232, 18.92610229999991, 22.19576619999134, 22.557851999998093, 27.047211999990395, 27.69170129999111, 28.93478119999054],['space', 'right', 'space', 'left', 'right', 'space', 'left', 'right', 'left', 'space', 'right', 'space', 'right', 'left', 'space'],[<psychopy.hardware.keyboard.KeyPress object at 0x00000274C52F4B00>, <psychopy.hardware.keyboard.KeyPress object at 0x00000274C52F4A90>, <psychopy.hardware.keyboard.KeyPress object at 0x00000274C52F4FD0>, <psychopy.hardware.keyboard.KeyPress object at 0x00000274C52F45C0>, <psychopy.hardware.keyboard.KeyPress object at 0x00000274C52F49B0>, <psychopy.hardware.keyboard.KeyPress object at 0x00000274C52F4CC0>, <psychopy.hardware.keyboard.KeyPress object at 0x00000274C52F4BE0>, <psychopy.hardware.keyboard.KeyPress object at 0x00000274C52F4E10>, <psychopy.hardware.keyboard.KeyPress object at 0x00000274C52F4D68>, <psychopy.hardware.keyboard.KeyPress object at 0x00000274C52F4EB8>, <psychopy.hardware.keyboard.KeyPress object at 0x00000274C52F4208>, <psychopy.hardware.keyboard.KeyPress object at 0x00000274C52F41D0>, <psychopy.hardware.keyboard.KeyPress object at 0x00000274C52F4438>, <psychopy.hardware.keyboard.KeyPress object at 0x00000274C52F4710>, <psychopy.hardware.keyboard.KeyPress object at 0x00000274C52F4860>],39.854618,70.84694,[['space', 545.4114846999873], ['right', 545.4117486999894], ['space', 545.4123045999877], ['left', 545.4129716999887], ['right', 545.4133929999953], ['space', 545.4139419999992], ['left', 545.4145517999859], ['right', 545.415055999998], ['left', 545.4155967999977], ['space', 545.4161475000001], ['right', 545.4168080999953], ['space', 545.4172857999947], ['right', 545.4179029999941], ['left', 545.4184371999872], ['space', 545.4192624999996]]
red_levels,JH,3,blue,45,0.65,1.0,2.0,cut off by trial end,[2.1421444000006886, 0.5856474000029266, 1.0679429000010714, 0.3062203000008594, 4.490626600003452, 0.3569865000026766, 0.7796484999998938, 1.0971325999998953, 0.7388979999959702, 0.9845576999941841, 0.596187999995891, 8.436011800004053, 0.29011510001146235, 0.8767759999900591, 0.9913578999985475, 0.9203018999978667, 1.108603899992886, 1.0007912000000942, 1.0017930000030901, 1.9087804000009783, 0.7576208999962546, 0.5101847999903839],[0.7991553000028944, 2.8332815000030678, 3.3654234999994515, 4.411700600001495, 4.736277000003611, 9.108210000005784, 9.458274000004167, 10.166075100001763, 11.223747600000934, 11.873942100006389, 12.827238300000317, 13.374857300004805, 21.783613499996136, 22.038744000004954, 22.864602400004514, 23.8306339999981, 24.6942970000091, 25.77540100000624, 26.681065800003125, 27.62824130000081, 29.477700000003097, 30.164430500008166],['space', 'left', 'right', 'left', 'space', 'right', 'left', 'right', 'left', 'right', 'left', 'space', 'right', 'left', 'right', 'left', 'right', 'left', 'right', 'left', 'right', 'space'],[<psychopy.hardware.keyboard.KeyPress object at 0x00000274CEEA89B0>, <psychopy.hardware.keyboard.KeyPress object at 0x00000274CEEA86A0>, <psychopy.hardware.keyboard.KeyPress object at 0x00000274CEEA8B00>, <psychopy.hardware.keyboard.KeyPress object at 0x00000274CEEA8630>, <psychopy.hardware.keyboard.KeyPress object at 0x00000274CEEA8358>, <psychopy.hardware.keyboard.KeyPress object at 0x00000274CEEA8940>, <psychopy.hardware.keyboard.KeyPress object at 0x00000274CEEA8978>, <psychopy.hardware.keyboard.KeyPress object at 0x00000274CEEA87F0>, <psychopy.hardware.keyboard.KeyPress object at 0x00000274C5628550>, <psychopy.hardware.keyboard.KeyPress object at 0x00000274C5628198>, <psychopy.hardware.keyboard.KeyPress object at 0x00000274C56284E0>, <psychopy.hardware.keyboard.KeyPress object at 0x00000274C5628588>, <psychopy.hardware.keyboard.KeyPress object at 0x00000274CEEA8A20>, <psychopy.hardware.keyboard.KeyPress object at 0x00000274CEEA80F0>, <psychopy.hardware.keyboard.KeyPress object at 0x00000274CEE98E10>, <psychopy.hardware.keyboard.KeyPress object at 0x00000274C561B860>, <psychopy.hardware.keyboard.KeyPress object at 0x00000274C56282B0>, <psychopy.hardware.keyboard.KeyPress object at 0x00000274CEE98978>, <psychopy.hardware.keyboard.KeyPress object at 0x00000274C52EFC18>, <psychopy.hardware.keyboard.KeyPress object at 0x00000274C52EFCF8>, <psychopy.hardware.keyboard.KeyPress object at 0x00000274CEE980B8>, <psychopy.hardware.keyboard.KeyPress object at 0x00000274C5628208>],75.52592,106.51802,[['space', 581.0822637999954], ['left', 581.082511399989], ['right', 581.0830693999887], ['left', 581.0836378999957], ['space', 581.0843731999921], ['right', 581.0845749999862], ['left', 581.0850103999983], ['right', 581.0855806999898], ['left', 581.0861416999978], ['right', 581.0867115000001], ['left', 581.0872683999914], ['space', 581.0878382999945], ['right', 581.0885872999934], ['left', 581.0890793999861], ['right', 581.089645199987], ['left', 581.0902176999953], ['right', 581.0909171999956], ['left', 581.0914975999913], ['right', 581.0920577999932], ['left', 581.0926226999873], ['right', 581.093180699987], ['space', 581.2582083999878]]
red_levels,JH,4,red,45,0.65,1.0,3.0,cut off by trial end,[1.0943604000058258, 0.7110680999903707, 0.4337595999968471, 6.187064400000963, 1.0587672000110615, 0.5323486999986926, 1.2843168999970658, 0.35594169999239966, 1.094227099994896, 0.56073589999869, 1.4646915999910561, 0.9012992999923881, 1.0296627000061562, 0.41530839999904856, 2.0437738000036916, 1.0086752999923192, 1.194332300001406, 1.6582124999986263, 1.6070966999977827, 1.2730694000056246, 1.168597800002317, 0.9589318000071216, 2.0364304999966407, 0.8609590999985812],[1.8378664999909233, 2.919497399998363, 3.5710384999983944, 3.9462041999940993, 9.590669499986689, 10.679421099994215, 11.132238999998663, 12.385734199997387, 12.768160299994634, 13.806562199999462, 14.323369599995203, 15.600937299997895, 16.429734099991038, 17.477494699996896, 17.862658899990493, 19.824591199998395, 20.826370099995984, 21.57234859999153, 23.204861999998684, 24.744842499989318, 26.037580299991532, 27.140715099987574, 28.09484269999666, 29.72684119999758],['right', 'left', 'right', 'space', 'right', 'left', 'space', 'right', 'left', 'right', 'space', 'left', 'right', 'space', 'left', 'right', 'left', 'right', 'left', 'right', 'left', 'right', 'left', 'space'],[<psychopy.hardware.keyboard.KeyPress object at 0x00000274C52FD828>, <psychopy.hardware.keyboard.KeyPress object at 0x00000274C52FD7F0>, <psychopy.hardware.keyboard.KeyPress object at 0x00000274C52FDB38>, <psychopy.hardware.keyboard.KeyPress object at 0x00000274C52FD3C8>, <psychopy.hardware.keyboard.KeyPress object at 0x00000274C52FD4A8>, <psychopy.hardware.keyboard.KeyPress object at 0x00000274C52FD9E8>, <psychopy.hardware.keyboard.KeyPress object at 0x00000274C52FD908>, <psychopy.hardware.keyboard.KeyPress object at 0x00000274C52FD470>, <psychopy.hardware.keyboard.KeyPress object at 0x00000274C52FDCF8>, <psychopy.hardware.keyboard.KeyPress object at 0x00000274C52FDBE0>, <psychopy.hardware.keyboard.KeyPress object at 0x00000274C52FDE80>, <psychopy.hardware.keyboard.KeyPress object at 0x00000274C52FD080>, <psychopy.hardware.keyboard.KeyPress object at 0x00000274C52FDA90>, <psychopy.hardware.keyboard.KeyPress object at 0x00000274C52FD2B0>, <psychopy.hardware.keyboard.KeyPress object at 0x00000274C52FD128>, <psychopy.hardware.keyboard.KeyPress object at 0x00000274C52FD048>, <psychopy.hardware.keyboard.KeyPress object at 0x00000274C52FD390>, <psychopy.hardware.keyboard.KeyPress object at 0x00000274C52FD2E8>, <psychopy.hardware.keyboard.KeyPress object at 0x00000274C52FD400>, <psychopy.hardware.keyboard.KeyPress object at 0x00000274C52FD358>, <psychopy.hardware.keyboard.KeyPress object at 0x00000274C52FD4E0>, <psychopy.hardware.keyboard.KeyPress object at 0x00000274C52FD518>, <psychopy.hardware.keyboard.KeyPress object at 0x00000274C52FDD68>, <psychopy.hardware.keyboard.KeyPress object at 0x00000274C52FD9B0>],108.85102,139.8439,[['right', 614.4072569999989], ['left', 614.407460699993], ['right', 614.4080290999991], ['space', 614.4084989999974], ['right', 614.4091702999867], ['left', 614.4100211999903], ['space', 614.4102002999862], ['right', 614.4108693999879], ['left', 614.4115717999957], ['right', 614.4117400999967], ['space', 614.4123026999878], ['left', 614.413005999988], ['right', 614.4135444999993], ['space', 614.4144436999923], ['left', 614.4146559999936], ['right', 614.415231299994], ['left', 614.4158251999906], ['right', 614.4164011999965], ['left', 614.4170204999973], ['right', 614.4175847999868], ['left', 614.4184644999914], ['right', 614.4186400999897], ['left', 614.4192383999907], ['space', 614.4198024999932]]
red_levels,JH,5,red,45,0.55,1.0,4.0,cut off by trial end,[0.7132157000014558, 0.6547518000006676, 8.8876675000065, 1.692347800009884, 0.5509606000123313, 1.5619947999948636, 0.6419639000087045, 0.9387667999981204, 1.6926563000015449, 1.281005200013169, 0.4571434999961639, 1.4557019000058062, 0.3269045999913942, 1.0417891000106465, 0.9667342000029748, 1.0947986999963177, 1.0813578000088455, 4.9139781999983825],[0.8721481000102358, 1.5804901000083191, 2.2810154000035254, 11.116698400001042, 12.799133599997731, 13.300941400011652, 14.859845099999802, 15.448340800008737, 16.351289900005213, 17.960098199997446, 19.277113600008306, 19.71321739999985, 21.14477360001183, 21.410220899997512, 22.411979500000598, 23.315992900010315, 24.376179099999717, 25.476362200002768],['right', 'left', 'space', 'right', 'left', 'right', 'left', 'right', 'space', 'right', 'space', 'right', 'left', 'right', 'left', 'right', 'left', 'space'],[<psychopy.hardware.keyboard.KeyPress object at 0x00000274C52F4278>, <psychopy.hardware.keyboard.KeyPress object at 0x00000274C52F4DD8>, <psychopy.hardware.keyboard.KeyPress object at 0x00000274C52F42E8>, <psychopy.hardware.keyboard.KeyPress object at 0x00000274C52F48D0>, <psychopy.hardware.keyboard.KeyPress object at 0x00000274C52F4BA8>, <psychopy.hardware.keyboard.KeyPress object at 0x00000274C52F4400>, <psychopy.hardware.keyboard.KeyPress object at 0x00000274C52F4E48>, <psychopy.hardware.keyboard.KeyPress object at 0x00000274C52F4A20>, <psychopy.hardware.keyboard.KeyPress object at 0x00000274C52F4F28>, <psychopy.hardware.keyboard.KeyPress object at 0x00000274C52F4470>, <psychopy.hardware.keyboard.KeyPress object at 0x00000274C52F2588>, <psychopy.hardware.keyboard.KeyPress object at 0x00000274C52F29E8>, <psychopy.hardware.keyboard.KeyPress object at 0x00000274C52F4B70>, <psychopy.hardware.keyboard.KeyPress object at 0x00000274C52F4320>, <psychopy.hardware.keyboard.KeyPress object at 0x00000274C52FDEF0>, <psychopy.hardware.keyboard.KeyPress object at 0x00000274C52FDC88>, <psychopy.hardware.keyboard.KeyPress object at 0x00000274C52F2E10>, <psychopy.hardware.keyboard.KeyPress object at 0x00000274C52FD320>],154.86581,185.85649,[['right', 660.4211814999871], ['left', 660.4213765999884], ['space', 660.4222345999879], ['right', 660.4224470999907], ['left', 660.4229993999907], ['right', 660.4234776999947], ['left', 660.4240446999902], ['right', 660.4246102999896], ['space', 660.4251721999899], ['right', 660.4258115999983], ['space', 660.4266999999963], ['right', 660.4269129999884], ['left', 660.4275064999965], ['right', 660.4279956999962], ['left', 660.4285783999949], ['right', 660.4291188999923], ['left', 660.4297055999923], ['space', 660.4305624999979]]
red_levels,JH,6,red,135,0.55,1.0,5.0,cut off by trial end,[5.417726600004244, 0.38083069999993313, 0.9236197999998694, 0.6138262000022223, 0.823888300001272, 0.95747520000441, 1.1770247000094969, 0.5655412999913096, 6.490721299996949, 0.7517126999882748, 0.7203474000125425, 0.3961955999984639, 1.604039300000295, 0.7468041000101948, 6.559605800008285, 0.546165400010068, 0.09121939999749884],[0.7517247999930987, 6.194309799990151, 6.59374409999873, 7.452058099996066, 8.075357199995779, 8.844570999994176, 9.791673999992781, 10.917107200002647, 11.493737500000861, 19.12144580000313, 19.839020699990215, 20.552143399996567, 20.91015399999742, 22.47832739999285, 23.194170899994788, 29.73852669999178, 30.33376199999475],['space', 'left', 'space', 'right', 'left', 'right', 'left', 'right', 'space', 'left', 'right', 'left', 'space', 'left', 'space', 'right', 'space'],[<psychopy.hardware.keyboard.KeyPress object at 0x00000274CEE90828>, <psychopy.hardware.keyboard.KeyPress object at 0x00000274C52EF5F8>, <psychopy.hardware.keyboard.KeyPress object at 0x00000274C52FD240>, <psychopy.hardware.keyboard.KeyPress object at 0x00000274C52EFB00>, <psychopy.hardware.keyboard.KeyPress object at 0x00000274C52FD208>, <psychopy.hardware.keyboard.KeyPress object at 0x00000274C52FD278>, <psychopy.hardware.keyboard.KeyPress object at 0x00000274C52FD198>, <psychopy.hardware.keyboard.KeyPress object at 0x00000274C52FD0F0>, <psychopy.hardware.keyboard.KeyPress object at 0x00000274C52FD1D0>, <psychopy.hardware.keyboard.KeyPress object at 0x00000274C52F22B0>, <psychopy.hardware.keyboard.KeyPress object at 0x00000274C52F21D0>, <psychopy.hardware.keyboard.KeyPress object at 0x00000274C52F2A58>, <psychopy.hardware.keyboard.KeyPress object at 0x00000274C52F2630>, <psychopy.hardware.keyboard.KeyPress object at 0x00000274C52F2DD8>, <psychopy.hardware.keyboard.KeyPress object at 0x00000274C52F26D8>, <psychopy.hardware.keyboard.KeyPress object at 0x00000274C52F2E80>, <psychopy.hardware.keyboard.KeyPress object at 0x00000274C52FD160>],191.53384,222.52548,[['space', 697.0903189999954], ['left', 697.0911086999986], ['space', 697.0915912999917], ['right', 697.0918351], ['left', 697.0926237999956], ['right', 697.092789199989], ['left', 697.0934580999892], ['right', 697.0940328999859], ['space', 697.0948943999974], ['left', 697.0953756999952], ['right', 697.0955586999917], ['left', 697.0961746999965], ['space', 697.0966363999905], ['left', 697.0973224999907], ['space', 697.0979508999881], ['right', 697.0986375999928], ['space', 697.4332667999988]]
red_levels,JH,7,blue,45,0.5,1.0,6.0,cut off by trial end,[1.9975182000052882, 0.6397907999926247, 10.150050299998838, 0.9169900999986567, 1.5150144999934128, 1.1640805000060936, 1.1176691000000574, 0.9956219000014244, 0.8702450999990106, 0.5307705000013812, 1.022680499998387, 2.0747128000075463, 1.0722598000138532, 1.2222965999972075, 1.4117903000005754, 1.8673135999997612, 1.1780165000091074, 0.8885188999993261],[0.7237586999981431, 2.652447000000393, 3.2799591999937547, 13.460087700004806, 14.348457400003099, 15.815381299995352, 16.949883399996907, 18.010479299991857, 18.97418760000437, 19.783932999998797, 20.26138880000508, 21.22643349999271, 23.26718899999105, 24.289673799998127, 25.477917099997285, 26.801104199999827, 28.627931099996204, 29.746551499993075],['space', 'right', 'space', 'right', 'left', 'right', 'left', 'right', 'left', 'right', 'left', 'right', 'left', 'right', 'left', 'right', 'left', 'right'],[<psychopy.hardware.keyboard.KeyPress object at 0x00000274C52EF438>, <psychopy.hardware.keyboard.KeyPress object at 0x00000274C52EFD30>, <psychopy.hardware.keyboard.KeyPress object at 0x00000274C52EFAC8>, <psychopy.hardware.keyboard.KeyPress object at 0x00000274C52EFE10>, <psychopy.hardware.keyboard.KeyPress object at 0x00000274C52EF3C8>, <psychopy.hardware.keyboard.KeyPress object at 0x00000274C52EF7B8>, <psychopy.hardware.keyboard.KeyPress object at 0x00000274C53056D8>, <psychopy.hardware.keyboard.KeyPress object at 0x00000274C5305A20>, <psychopy.hardware.keyboard.KeyPress object at 0x00000274C53058D0>, <psychopy.hardware.keyboard.KeyPress object at 0x00000274C5305748>, <psychopy.hardware.keyboard.KeyPress object at 0x00000274C53057B8>, <psychopy.hardware.keyboard.KeyPress object at 0x00000274C5305BE0>, <psychopy.hardware.keyboard.KeyPress object at 0x00000274C5305E48>, <psychopy.hardware.keyboard.KeyPress object at 0x00000274C5305588>, <psychopy.hardware.keyboard.KeyPress object at 0x00000274C5305550>, <psychopy.hardware.keyboard.KeyPress object at 0x00000274C53052E8>, <psychopy.hardware.keyboard.KeyPress object at 0x00000274C5305908>, <psychopy.hardware.keyboard.KeyPress object at 0x00000274C52EF080>],224.33046,255.32175,[['space', 729.8878228999965], ['right', 729.8881436999945], ['space', 729.8889008999977], ['right', 729.8898255999957], ['left', 729.8899957999965], ['right', 729.8905539999978], ['left', 729.8911385999963], ['right', 729.8917122999992], ['left', 729.8922932999994], ['right', 729.8928505999938], ['left', 729.8933889999898], ['right', 729.8939930999913], ['left', 729.8945517999964], ['right', 729.8954968999897], ['left', 729.8961310999875], ['right', 729.8967185999936], ['left', 729.8972836999892], ['right', 729.8978976999933]]
red_levels,JH,8,blue,135,0.65,1.0,7.0,cut off by trial end,[0.8580087999871466, 0.823147400005837, 1.0056765000044834, 1.3063454999937676, 0.9700437999999849, 6.254796200009878, 0.856120500000543, 1.1108564000023762, 1.134602600010112, 1.0385841999959666, 0.15667989999928977, 2.2722606000024825, 0.820881300009205, 2.9046780000062427, 2.494145500008017, 1.5274929000006523, 0.7647551999980351, 1.3093375000025844, 1.6709907000040403, 1.3720525999960955],[0.7505894000059925, 1.585644599996158, 2.358013499993831, 3.3419312000041828, 4.585558199993102, 5.862705099993036, 12.08992670000589, 12.912623600001098, 13.944619999994757, 15.046149600006174, 17.553153400003794, 16.033112999997684, 18.273995099996682, 19.043420699992566, 21.91451459999371, 24.079538000005414, 25.548410200004582, 26.290636699995957, 27.514174600000842, 29.141730400006054],['right', 'left', 'right', 'left', 'right', 'space', 'right', 'left', 'right', 'left', 'left', 'right', 'left', 'right', 'left', 'space', 'right', 'left', 'right', 'space'],[<psychopy.hardware.keyboard.KeyPress object at 0x00000274C5305F98>, <psychopy.hardware.keyboard.KeyPress object at 0x00000274C5305DD8>, <psychopy.hardware.keyboard.KeyPress object at 0x00000274C5305358>, <psychopy.hardware.keyboard.KeyPress object at 0x00000274C5305E10>, <psychopy.hardware.keyboard.KeyPress object at 0x00000274C5305C88>, <psychopy.hardware.keyboard.KeyPress object at 0x00000274C53059E8>, <psychopy.hardware.keyboard.KeyPress object at 0x00000274C5305400>, <psychopy.hardware.keyboard.KeyPress object at 0x00000274C5305828>, <psychopy.hardware.keyboard.KeyPress object at 0x00000274C5305B38>, <psychopy.hardware.keyboard.KeyPress object at 0x00000274C53053C8>, <psychopy.hardware.keyboard.KeyPress object at 0x00000274C5305780>, <psychopy.hardware.keyboard.KeyPress object at 0x00000274C5305940>, <psychopy.hardware.keyboard.KeyPress object at 0x00000274C530CF28>, <psychopy.hardware.keyboard.KeyPress object at 0x00000274C530CE10>, <psychopy.hardware.keyboard.KeyPress object at 0x00000274C530C048>, <psychopy.hardware.keyboard.KeyPress object at 0x00000274C530C0B8>, <psychopy.hardware.keyboard.KeyPress object at 0x00000274C530C240>, <psychopy.hardware.keyboard.KeyPress object at 0x00000274C530C278>, <psychopy.hardware.keyboard.KeyPress object at 0x00000274C530C2E8>, <psychopy.hardware.keyboard.KeyPress object at 0x00000274C5305AC8>],256.32663,287.31796,[['right', 761.8823369999882], ['left', 761.8825384999946], ['right', 761.8830929999967], ['left', 761.8837580999971], ['right', 761.8843231999927], ['space', 761.8851705999987], ['right', 761.8853830999869], ['left', 761.885930599994], ['right', 761.8864937999897], ['left', 761.8870509999979], ['right', 761.8876141999935], ['left', 761.8886757], ['left', 761.8893878999952], ['right', 761.8899682999909], ['left', 761.8907276999962], ['space', 761.8912994999991], ['right', 761.8919366999908], ['left', 761.8925023999909], ['right', 761.8930602999899], ['space', 761.8936273999861]]
red_levels,JH,9,blue,135,0.5,1.0,8.0,cut off by trial end,[0.3302021999988938, 0.9012090000032913, 11.814104499993846, 0.6706555000127992, 6.772398000000976, 0.6549751999991713, 0.7197163999953773, 4.296798399998806, 1.8942132999945898, 1.399829600006342, 0.2845582000009017],[1.2777459000062663, 1.6034583000000566, 2.4960484000039287, 14.253901599993696, 14.881722699996317, 21.561189700005343, 22.19827890000306, 22.819949099997757, 27.01103320000402, 28.858491299994057, 30.169647999995505],['left', 'right', 'space', 'right', 'space', 'right', 'left', 'space', 'right', 'left', 'right'],[<psychopy.hardware.keyboard.KeyPress object at 0x00000274C52F2BE0>, <psychopy.hardware.keyboard.KeyPress object at 0x00000274C52F24E0>, <psychopy.hardware.keyboard.KeyPress object at 0x00000274C52F2908>, <psychopy.hardware.keyboard.KeyPress object at 0x00000274C52F2A90>, <psychopy.hardware.keyboard.KeyPress object at 0x00000274C52F2EB8>, <psychopy.hardware.keyboard.KeyPress object at 0x00000274C52F2D30>, <psychopy.hardware.keyboard.KeyPress object at 0x00000274C530C8D0>, <psychopy.hardware.keyboard.KeyPress object at 0x00000274C530C208>, <psychopy.hardware.keyboard.KeyPress object at 0x00000274C530CD30>, <psychopy.hardware.keyboard.KeyPress object at 0x00000274C530CEF0>, <psychopy.hardware.keyboard.KeyPress object at 0x00000274C52F27B8>],296.893,327.8844,[['left', 802.4499314999994], ['right', 802.4501364999887], ['space', 802.4507325999875], ['right', 802.4513910999958], ['space', 802.4522691999882], ['right', 802.4529070999997], ['left', 802.4534929999936], ['space', 802.4540385999862], ['right', 802.4547158999922], ['left', 802.4552641999908], ['right', 802.6253411999933]]
red_levels,JH,10,blue,135,0.35,1.0,9.0,cut off by trial end,[4.172379800002091, 1.1364471999986563, 0.9224677000020165, 7.580283000002964, 0.7535015000030398, 1.207778199997847, 0.9336022999923443, 1.6262779999960912, 1.2628221000049962, 7.0185237000114284, 0.5659824999893317, 1.8758560999995098, 0.7022259999939706],[1.5166922000062186, 5.569239700009348, 6.6828392000024905, 7.531446799999685, 15.038556300001801, 15.693751600003452, 16.776951000007102, 17.665143500009435, 19.15427009999985, 20.382852399998228, 27.339176200010115, 27.865261500002816, 29.670463300004485],['space', 'right', 'left', 'space', 'left', 'space', 'right', 'space', 'left', 'space', 'right', 'left', 'right'],[<psychopy.hardware.keyboard.KeyPress object at 0x00000274CEE98DA0>, <psychopy.hardware.keyboard.KeyPress object at 0x00000274C5305D68>, <psychopy.hardware.keyboard.KeyPress object at 0x00000274C5305438>, <psychopy.hardware.keyboard.KeyPress object at 0x00000274C5305BA8>, <psychopy.hardware.keyboard.KeyPress object at 0x00000274C5305B70>, <psychopy.hardware.keyboard.KeyPress object at 0x00000274C5305978>, <psychopy.hardware.keyboard.KeyPress object at 0x00000274C5305EB8>, <psychopy.hardware.keyboard.KeyPress object at 0x00000274C5305DA0>, <psychopy.hardware.keyboard.KeyPress object at 0x00000274C5305CC0>, <psychopy.hardware.keyboard.KeyPress object at 0x00000274C5305CF8>, <psychopy.hardware.keyboard.KeyPress object at 0x00000274C5305E80>, <psychopy.hardware.keyboard.KeyPress object at 0x00000274C5305390>, <psychopy.hardware.keyboard.KeyPress object at 0x00000274C5305FD0>],332.14395,363.1363,[['space', 837.7012609999947], ['right', 837.7015124999889], ['left', 837.7024873999908], ['space', 837.7031728999864], ['left', 837.703952699987], ['space', 837.7048686999915], ['right', 837.7056794999953], ['space', 837.7067775999894], ['left', 837.7076039999956], ['space', 837.7085410999862], ['right', 837.7092683999945], ['left', 837.7099909999961], ['right', 837.710548099989]]
red_levels,JH,11,blue,135,0.45,1.0,10.0,cut off by trial end,[0.6403764999995474, 1.4282471999904374, 0.8889610000042012, 0.762369200005196, 0.255210299990722, 4.836146899993764, 0.8686048999952618, 2.3718000000080792, 1.9869182999973418, 1.3038687000080245, 1.0921590000070864, 0.7100496999919415, 1.733297600003425, 1.626701499990304, 2.8768075999978464, 1.2071475999982795, 1.6778062999946997, 1.7769256999890786],[0.9080203999910736, 2.6046170000045095, 3.9344265999970958, 4.790017899998929, 5.436703500003205, 5.707994199998211, 10.48500950000016, 11.314008899993496, 13.662551200002781, 15.58965549999266, 16.86340279999422, 17.831415699998615, 18.483002499997383, 20.188346700000693, 21.746801300003426, 24.588207499997225, 25.713118300001952, 28.699754300003406],['right', 'left', 'right', 'left', 'right', 'space', 'left', 'right', 'left', 'right', 'space', 'left', 'right', 'left', 'right', 'left', 'right', 'right'],[<psychopy.hardware.keyboard.KeyPress object at 0x00000274C530C7F0>, <psychopy.hardware.keyboard.KeyPress object at 0x00000274C530CC50>, <psychopy.hardware.keyboard.KeyPress object at 0x00000274C530CC88>, <psychopy.hardware.keyboard.KeyPress object at 0x00000274C530CCC0>, <psychopy.hardware.keyboard.KeyPress object at 0x00000274C530C3C8>, <psychopy.hardware.keyboard.KeyPress object at 0x00000274C530CA90>, <psychopy.hardware.keyboard.KeyPress object at 0x00000274C530C668>, <psychopy.hardware.keyboard.KeyPress object at 0x00000274C530C780>, <psychopy.hardware.keyboard.KeyPress object at 0x00000274C530CF60>, <psychopy.hardware.keyboard.KeyPress object at 0x00000274CEED1CC0>, <psychopy.hardware.keyboard.KeyPress object at 0x00000274CEED1BA8>, <psychopy.hardware.keyboard.KeyPress object at 0x00000274CEED11D0>, <psychopy.hardware.keyboard.KeyPress object at 0x00000274CEED1160>, <psychopy.hardware.keyboard.KeyPress object at 0x00000274CEED1128>, <psychopy.hardware.keyboard.KeyPress object at 0x00000274CEED1240>, <psychopy.hardware.keyboard.KeyPress object at 0x00000274CEED1278>, <psychopy.hardware.keyboard.KeyPress object at 0x00000274CEED12B0>, <psychopy.hardware.keyboard.KeyPress object at 0x00000274CEED1B00>],364.0673,395.05902,[['right', 869.6242736999993], ['left', 869.6247646999982], ['right', 869.6249324999953], ['left', 869.6254924999957], ['right', 869.6260665999871], ['space', 869.6268239999918], ['left', 869.6270304999925], ['right', 869.6275612999889], ['left', 869.6281314999942], ['right', 869.628695499996], ['space', 869.6293088999955], ['left', 869.6300821999903], ['right', 869.6308939999872], ['left', 869.6320308999857], ['right', 869.6326151999965], ['left', 869.6332297999907], ['right', 869.6337991999899], ['left', 869.6343636999954], ['right', 869.6349581999966]]
red_levels,JH,12,blue,135,0.55,1.0,11.0,cut off by trial end,[0.8142784999945434, 1.4628038999944692, 1.0962291000032565, 0.8687295999989146, 0.5506948999973247, 3.034387199993944, 0.8332531000050949, 0.8868318000022555, 1.0766203999955906, 5.605355000006966, 0.9677089000033448, 1.1265607999957865, 1.281352699996205, 1.6407065999956103, 1.234657299995888, 1.175750100010191, 1.0055116000003181, 2.398058699996909, 0.8238564000057522, 1.004515699998592],[1.6293423000024632, 2.395302699995227, 3.781131899988395, 4.8551708000013605, 5.637666399998125, 6.3847075999947265, 9.335117099995841, 10.177192699993611, 10.99616199999582, 12.084174499992514, 17.630631299995002, 18.538118600001326, 19.63589150000189, 20.86342059999879, 22.47556269999768, 23.647757699989597, 24.83751549999579, 25.785888099999283, 28.698032499989495, 29.461511499990593],['right', 'left', 'right', 'left', 'right', 'space', 'right', 'left', 'right', 'space', 'left', 'right', 'left', 'right', 'left', 'right', 'left', 'right', 'left', 'space'],[<psychopy.hardware.keyboard.KeyPress object at 0x00000274C52EF9E8>, <psychopy.hardware.keyboard.KeyPress object at 0x00000274C52EF550>, <psychopy.hardware.keyboard.KeyPress object at 0x00000274C52EFF28>, <psychopy.hardware.keyboard.KeyPress object at 0x00000274C52EF128>, <psychopy.hardware.keyboard.KeyPress object at 0x00000274C52EFF60>, <psychopy.hardware.keyboard.KeyPress object at 0x00000274C52EF8D0>, <psychopy.hardware.keyboard.KeyPress object at 0x00000274CEE906D8>, <psychopy.hardware.keyboard.KeyPress object at 0x00000274C52EFBE0>, <psychopy.hardware.keyboard.KeyPress object at 0x00000274C52EF0B8>, <psychopy.hardware.keyboard.KeyPress object at 0x00000274C52EF208>, <psychopy.hardware.keyboard.KeyPress object at 0x00000274C52EF048>, <psychopy.hardware.keyboard.KeyPress object at 0x00000274C52EF898>, <psychopy.hardware.keyboard.KeyPress object at 0x00000274C52EF198>, <psychopy.hardware.keyboard.KeyPress object at 0x00000274C52EF390>, <psychopy.hardware.keyboard.KeyPress object at 0x00000274C52F2828>, <psychopy.hardware.keyboard.KeyPress object at 0x00000274C52EF860>, <psychopy.hardware.keyboard.KeyPress object at 0x00000274C52F2470>, <psychopy.hardware.keyboard.KeyPress object at 0x00000274C52EF2B0>, <psychopy.hardware.keyboard.KeyPress object at 0x00000274C52F2CC0>, <psychopy.hardware.keyboard.KeyPress object at 0x00000274C52F2C88>],396.3882,427.37952,[['right', 901.9448709999997], ['left', 901.9450777999882], ['right', 901.9456333999988], ['left', 901.946197399986], ['right', 901.9467578999902], ['space', 901.9476118999883], ['right', 901.9478170999937], ['left', 901.9489869999961], ['right', 901.9497398999956], ['space', 901.9512814999907], ['left', 901.9515012999909], ['right', 901.9520779999875], ['left', 901.9526669999905], ['right', 901.9532741999865], ['left', 901.9538383999898], ['right', 901.9543870999914], ['left', 901.9553023999906], ['right', 901.9554677999986], ['left', 901.9566788999946], ['space', 901.9569057999906]]
red_levels,JH,13,red,135,0.65,1.0,12.0,cut off by trial end,[0.6613237999990815, 12.681095599997207, 0.7579299000062747, 0.9701004000089597, 0.730450800008839, 2.82088329999533, 0.9522343999997247, 0.6595821000082651, 9.173205999992206, 0.3504802999959793],[7.384285899999668, 0.7127499999915017, 13.366584599993075, 14.093027999988408, 15.043630899992422, 15.79217489999428, 18.57383999999729, 19.54592569998931, 20.242378499999177, 30.058846799991443],['right', 'space', 'left', 'right', 'left', 'space', 'left', 'right', 'space', 'space'],[<psychopy.hardware.keyboard.KeyPress object at 0x00000274CEED1860>, <psychopy.hardware.keyboard.KeyPress object at 0x00000274CEED10B8>, <psychopy.hardware.keyboard.KeyPress object at 0x00000274CEED1B38>, <psychopy.hardware.keyboard.KeyPress object at 0x00000274CEED1DD8>, <psychopy.hardware.keyboard.KeyPress object at 0x00000274CEED1C88>, <psychopy.hardware.keyboard.KeyPress object at 0x00000274CEED1CF8>, <psychopy.hardware.keyboard.KeyPress object at 0x00000274CEED1DA0>, <psychopy.hardware.keyboard.KeyPress object at 0x00000274CEED1D68>, <psychopy.hardware.keyboard.KeyPress object at 0x00000274CEED1F98>, <psychopy.hardware.keyboard.KeyPress object at 0x00000274CEED1630>],428.23413,459.22598,[['space', 933.790574499988], ['right', 933.7908256999945], ['left', 933.7912597999966], ['right', 933.7918246999907], ['left', 933.7929320999974], ['space', 933.7942489999987], ['left', 933.7944563999918], ['right', 933.7953463999875], ['space', 933.7958269999945], ['space', 933.8498839999957]]
red_levels,JH,14,red,135,0.5,1.0,13.0,cut off by trial end,[0.743898699991405, 1.3233099000062793, 1.8986801000137348, 1.3762475999974413, 16.35178340000857, 1.0543524999957299, 0.9059166999941226, 1.1691315999923972, 1.3532838999963133, 1.5103842000098666],[2.951615700003458, 3.644210899990867, 4.957137099991087, 6.802656600004411, 8.21079309999186, 24.589752300002147, 25.6156450999988, 26.423576400004094, 27.582763700003852, 28.891709299990907],['left', 'right', 'left', 'right', 'space', 'left', 'space', 'right', 'left', 'right'],[<psychopy.hardware.keyboard.KeyPress object at 0x00000274C52F24A8>, <psychopy.hardware.keyboard.KeyPress object at 0x00000274C52F2C18>, <psychopy.hardware.keyboard.KeyPress object at 0x00000274C52F2898>, <psychopy.hardware.keyboard.KeyPress object at 0x00000274CEE90D30>, <psychopy.hardware.keyboard.KeyPress object at 0x00000274C52F28D0>, <psychopy.hardware.keyboard.KeyPress object at 0x00000274C52F2CF8>, <psychopy.hardware.keyboard.KeyPress object at 0x00000274C52F2400>, <psychopy.hardware.keyboard.KeyPress object at 0x00000274C52F23C8>, <psychopy.hardware.keyboard.KeyPress object at 0x00000274C52EF0F0>, <psychopy.hardware.keyboard.KeyPress object at 0x00000274C52F2390>],460.12988,491.12164,[['left', 965.6870958999934], ['right', 965.6873003999935], ['left', 965.6878578999895], ['right', 965.6886682999902], ['space', 965.689581499988], ['left', 965.6900725999876], ['space', 965.6902464999876], ['right', 965.6908711999858], ['left', 965.6916249999922], ['right', 965.6922167999874]]
red_levels,JH,15,blue,45,0.55,1.0,14.0,cut off by trial end,[0.751845200007665, 0.9665711999987252, 1.1259979000024032, 1.119995699991705, 2.195966999992379, 0.21104280000145081, 1.5220364999986487, 1.267976400005864, 0.8715813999879174, 1.7597762000077637, 0.4665219000016805, 0.11495060000743251, 0.41201049998926464, 2.310565299994778, 0.7342339000024367, 1.1506303999922238, 1.0420570999995107, 0.5932841000030749, 2.445102899990161, 0.8163378999888664, 1.1074729000101797, 0.7087076999887358, 0.739375300006941, 1.1688966000074288, 1.3117647000035504, 2.032797499996377, 1.0756322000088403, 0.46548660000553355],[0.5702646999998251, 1.3034383000049274, 2.2135008000041125, 3.322985200007679, 4.371417300004396, 6.533975199999986, 6.759164500006591, 8.18237439999939, 9.40809710000758, 10.208785399998305, 11.938861100003123, 12.522552399997949, 12.395749500006787, 13.041197400001693, 15.263754700004938, 15.957032200007234, 17.063628799995058, 18.039650599996094, 18.60229170000821, 21.536405000006198, 22.330973799995263, 23.34991400000581, 24.02343099999416, 24.684013499994762, 25.817776399999275, 27.03399320000608, 28.975243699998828, 29.97004410000227],['right', 'left', 'right', 'left', 'right', 'left', 'space', 'right', 'left', 'space', 'right', 'space', 'left', 'space', 'right', 'left', 'right', 'left', 'space', 'right', 'left', 'right', 'left', 'right', 'left', 'right', 'left', 'right'],[<psychopy.hardware.keyboard.KeyPress object at 0x00000274C530C160>, <psychopy.hardware.keyboard.KeyPress object at 0x00000274C52EF160>, <psychopy.hardware.keyboard.KeyPress object at 0x00000274C530C470>, <psychopy.hardware.keyboard.KeyPress object at 0x00000274CEEDA6A0>, <psychopy.hardware.keyboard.KeyPress object at 0x00000274CEEDA8D0>, <psychopy.hardware.keyboard.KeyPress object at 0x00000274C530CB70>, <psychopy.hardware.keyboard.KeyPress object at 0x00000274CEEDA320>, <psychopy.hardware.keyboard.KeyPress object at 0x00000274CEEDA518>, <psychopy.hardware.keyboard.KeyPress object at 0x00000274CEEDA978>, <psychopy.hardware.keyboard.KeyPress object at 0x00000274CEEDA128>, <psychopy.hardware.keyboard.KeyPress object at 0x00000274CEEDAA90>, <psychopy.hardware.keyboard.KeyPress object at 0x00000274CEEDA080>, <psychopy.hardware.keyboard.KeyPress object at 0x00000274C530CD68>, <psychopy.hardware.keyboard.KeyPress object at 0x00000274CEEDA908>, <psychopy.hardware.keyboard.KeyPress object at 0x00000274CEEDA710>, <psychopy.hardware.keyboard.KeyPress object at 0x00000274CEEDA9E8>, <psychopy.hardware.keyboard.KeyPress object at 0x00000274CEEDAFD0>, <psychopy.hardware.keyboard.KeyPress object at 0x00000274CEEDAA20>, <psychopy.hardware.keyboard.KeyPress object at 0x00000274CEEDAA58>, <psychopy.hardware.keyboard.KeyPress object at 0x00000274CEEDAB38>, <psychopy.hardware.keyboard.KeyPress object at 0x00000274CEEDAC18>, <psychopy.hardware.keyboard.KeyPress object at 0x00000274CEEDA7B8>, <psychopy.hardware.keyboard.KeyPress object at 0x00000274CEEDA5C0>, <psychopy.hardware.keyboard.KeyPress object at 0x00000274CEEDA860>, <psychopy.hardware.keyboard.KeyPress object at 0x00000274CEEDA5F8>, <psychopy.hardware.keyboard.KeyPress object at 0x00000274CEEDA470>, <psychopy.hardware.keyboard.KeyPress object at 0x00000274CEEDA240>, <psychopy.hardware.keyboard.KeyPress object at 0x00000274CEEDAD30>],491.9763,522.96814,[['right', 997.5326061999949], ['left', 997.5328219999938], ['right', 997.5333624999912], ['left', 997.5339541999856], ['right', 997.5345390999864], ['left', 997.5350951999862], ['space', 997.5358538], ['right', 997.5360688999936], ['left', 997.5369145999866], ['space', 997.5389567999955], ['right', 997.5397445999988], ['left', 997.540202499993], ['space', 997.5409349999973], ['space', 997.5417316999956], ['right', 997.5419376999926], ['left', 997.5424782999908], ['right', 997.5430657999968], ['left', 997.5436558999936], ['space', 997.5443670999957], ['right', 997.5458518999949], ['left', 997.546033199993], ['right', 997.5465936999972], ['left', 997.5471876999945], ['right', 997.5477697999886], ['left', 997.5484005999897], ['right', 997.548999199993], ['left', 997.5496445999888], ['right', 997.5502832999919]]
red_levels,JH,16,red,45,0.5,1.0,15.0,cut off by trial end,[0.5051817999919876, 0.7706992000021273, 0.5595946999965236, 1.708366600010777, 0.6501423999870894, 0.551750999991782, 1.998963999998523, 1.2997714999946766, 2.418758500003605, 0.9277024999901187, 1.4103975000034552, 1.473541599989403, 3.5136163999995915, 5.009971100007533, 0.8673296999913873, 0.8570612999901641, 0.8416685999982292, 0.28239039999607485, 2.2673177999968175, 0.7662658000044758, 1.00808089999191],[1.1823670000012498, 1.7047302999999374, 2.460394499998074, 4.1723056999908295, 5.717061300005298, 6.872389500000281, 6.34001569999964, 8.292809899998247, 9.56668429999263, 11.914578800002346, 12.79748799999652, 14.147834200004581, 15.60112520000257, 19.03702869999688, 24.012240800002473, 24.790683800005354, 25.55924610000511, 26.36307680000027, 26.574981700003264, 28.802156699995976, 29.531196399999317],['right', 'left', 'right', 'space', 'right', 'space', 'left', 'right', 'left', 'right', 'left', 'right', 'left', 'right', 'left', 'space', 'right', 'left', 'space', 'right', 'left'],[<psychopy.hardware.keyboard.KeyPress object at 0x00000274C52EFEF0>, <psychopy.hardware.keyboard.KeyPress object at 0x00000274CEEE3198>, <psychopy.hardware.keyboard.KeyPress object at 0x00000274CEED1E80>, <psychopy.hardware.keyboard.KeyPress object at 0x00000274CEEE3518>, <psychopy.hardware.keyboard.KeyPress object at 0x00000274CEEE3DA0>, <psychopy.hardware.keyboard.KeyPress object at 0x00000274CEEE32E8>, <psychopy.hardware.keyboard.KeyPress object at 0x00000274CEEE3208>, <psychopy.hardware.keyboard.KeyPress object at 0x00000274CEEE3748>, <psychopy.hardware.keyboard.KeyPress object at 0x00000274CEEE3668>, <psychopy.hardware.keyboard.KeyPress object at 0x00000274CEEE38D0>, <psychopy.hardware.keyboard.KeyPress object at 0x00000274CEEE3828>, <psychopy.hardware.keyboard.KeyPress object at 0x00000274CEEE3A20>, <psychopy.hardware.keyboard.KeyPress object at 0x00000274CEEE3978>, <psychopy.hardware.keyboard.KeyPress object at 0x00000274CEEE3B38>, <psychopy.hardware.keyboard.KeyPress object at 0x00000274CEEE3E48>, <psychopy.hardware.keyboard.KeyPress object at 0x00000274CEEE3D68>, <psychopy.hardware.keyboard.KeyPress object at 0x00000274CEEE3F60>, <psychopy.hardware.keyboard.KeyPress object at 0x00000274CEEE30F0>, <psychopy.hardware.keyboard.KeyPress object at 0x00000274CEEE3080>, <psychopy.hardware.keyboard.KeyPress object at 0x00000274CEEE30B8>, <psychopy.hardware.keyboard.KeyPress object at 0x00000274CEEE36A0>],524.3979,555.38885,[['right', 1029.9530707999947], ['left', 1029.95360909999], ['right', 1029.9537834999937], ['space', 1029.954941399992], ['right', 1029.9551801999914], ['left', 1029.9557259999856], ['space', 1029.9565475999989], ['right', 1029.9570066999877], ['left', 1029.957572299987], ['right', 1029.9581093999877], ['left', 1029.9586518999859], ['right', 1029.959371799996], ['left', 1029.9599546999962], ['right', 1029.9605958999891], ['left', 1029.9612393999996], ['space', 1029.9620861999865], ['right', 1029.9627243999857], ['left', 1029.9635549999948], ['space', 1029.9645085999946], ['right', 1029.9651418999856], ['left', 1029.9656847999868]]
red_levels,JH,17,red,135,0.45,1.0,16.0,--,[0.434974300005706, 1.0232710000127554, 1.4431963999959407, 2.6586669999960577, 2.4927014999993844, 0.8370845000026748, 1.0584980999992695, 0.34412379999412224, 2.369679899988114, 0.8008870999910869, 0.39564879999670666, 1.0889647999865701, 1.2122620000009192, 2.8768949000077555, 0.2300695000012638, 0.5789739000028931, 3.3236770999938017, 1.336028299992904, 0.6396582999877864, 1.9434565999981714, 1.2979541999957291],[0.6309982999955537, 1.0610979999910342, 2.018410999997286, 3.4319372000027215, 6.032905300002312, 8.489658799997414, 9.246186000003945, 11.925003800002742, 10.267003300003125, 12.591394200004288, 13.316962900004, 13.71682800000417, 14.687455699997372, 15.843927099995199, 18.6622561999975, 18.755650899998727, 19.259131300001172, 22.502461299998686, 23.70217180000327, 24.28284359999816, 26.200720299995737],['right', 'left', 'right', 'left', 'right', 'left', 'right', 'right', 'left', 'space', 'right', 'space', 'left', 'right', 'space', 'left', 'space', 'right', 'space', 'left', 'right'],[<psychopy.hardware.keyboard.KeyPress object at 0x00000274CEEDA940>, <psychopy.hardware.keyboard.KeyPress object at 0x00000274CEEDA630>, <psychopy.hardware.keyboard.KeyPress object at 0x00000274CEEDA390>, <psychopy.hardware.keyboard.KeyPress object at 0x00000274CEEDA668>, <psychopy.hardware.keyboard.KeyPress object at 0x00000274CEEDADD8>, <psychopy.hardware.keyboard.KeyPress object at 0x00000274CEEDAC50>, <psychopy.hardware.keyboard.KeyPress object at 0x00000274C52F25F8>, <psychopy.hardware.keyboard.KeyPress object at 0x00000274C52F2AC8>, <psychopy.hardware.keyboard.KeyPress object at 0x00000274C52F26A0>, <psychopy.hardware.keyboard.KeyPress object at 0x00000274C52F2358>, <psychopy.hardware.keyboard.KeyPress object at 0x00000274CEEDAB70>, <psychopy.hardware.keyboard.KeyPress object at 0x00000274C52F2BA8>, <psychopy.hardware.keyboard.KeyPress object at 0x00000274C52F2780>, <psychopy.hardware.keyboard.KeyPress object at 0x00000274C52F2198>, <psychopy.hardware.keyboard.KeyPress object at 0x00000274C52F2EF0>, <psychopy.hardware.keyboard.KeyPress object at 0x00000274C52F27F0>, <psychopy.hardware.keyboard.KeyPress object at 0x00000274C52F2FD0>, <psychopy.hardware.keyboard.KeyPress object at 0x00000274C52F2978>, <psychopy.hardware.keyboard.KeyPress object at 0x00000274CEEDACF8>, <psychopy.hardware.keyboard.KeyPress object at 0x00000274C52EF1D0>, <psychopy.hardware.keyboard.KeyPress object at 0x00000274C52F2DA0>],560.3957,591.38763,[['right', 1065.9519234999898], ['left', 1065.9521838999935], ['right', 1065.952747999996], ['left', 1065.9533237999858], ['right', 1065.9543831999908], ['left', 1065.955019599991], ['right', 1065.9556198999926], ['left', 1065.9562174999883], ['right', 1065.9568077999866], ['space', 1065.9572828999953], ['right', 1065.9580227999977], ['space', 1065.9587590999872], ['left', 1065.958964999998], ['right', 1065.9598234999867], ['space', 1065.960502899994], ['left', 1065.9613159999863], ['space', 1065.9618308999925], ['right', 1065.9625610999938], ['space', 1065.9634503999987], ['left', 1065.9641283999954], ['right', 1065.9646828999976], ['space', 1065.9655857999896]]
red_levels,JH,18,red,45,0.35,1.0,17.0,cut off by trial end,[3.0654712000105064, 1.249562099998002, 0.31604150000202935, 0.92795159999514, 1.578238699992653, 0.6741605999995954, 1.6112242000090191, 2.3041782000073, 4.017375600000378, 1.067794300004607, 3.29714559999411, 1.1044002999988152, 3.088535300004878, 1.6281189000001177, 1.7475449000048684, 2.608615400007693],[0.9479921000020113, 3.681211200004327, 4.886724500000128, 5.1814753000071505, 6.071625000011409, 7.588259600001038, 8.213131600001361, 9.81065800000215, 12.085633200011216, 16.099782300007064, 17.134556700009853, 20.319873500004178, 21.31468280000263, 24.36631070000294, 26.111399600005825, 27.851102400003583],['space', 'left', 'right', 'space', 'right', 'space', 'left', 'right', 'space', 'right', 'space', 'left', 'space', 'left', 'right', 'left'],[<psychopy.hardware.keyboard.KeyPress object at 0x00000274C52EF6A0>, <psychopy.hardware.keyboard.KeyPress object at 0x00000274C52EF2E8>, <psychopy.hardware.keyboard.KeyPress object at 0x00000274C52EF978>, <psychopy.hardware.keyboard.KeyPress object at 0x00000274C52EF748>, <psychopy.hardware.keyboard.KeyPress object at 0x00000274C52EFCC0>, <psychopy.hardware.keyboard.KeyPress object at 0x00000274C52EFDD8>, <psychopy.hardware.keyboard.KeyPress object at 0x00000274CEED1908>, <psychopy.hardware.keyboard.KeyPress object at 0x00000274CEED1B70>, <psychopy.hardware.keyboard.KeyPress object at 0x00000274CEED1EB8>, <psychopy.hardware.keyboard.KeyPress object at 0x00000274CEED1E48>, <psychopy.hardware.keyboard.KeyPress object at 0x00000274CEED1390>, <psychopy.hardware.keyboard.KeyPress object at 0x00000274CEED1FD0>, <psychopy.hardware.keyboard.KeyPress object at 0x00000274CEED14E0>, <psychopy.hardware.keyboard.KeyPress object at 0x00000274C52EF518>, <psychopy.hardware.keyboard.KeyPress object at 0x00000274CEED1080>, <psychopy.hardware.keyboard.KeyPress object at 0x00000274CEEDABA8>],603.03705,634.02844,[['space', 1108.5937522999884], ['left', 1108.5939966999867], ['right', 1108.5947057999874], ['space', 1108.595161899997], ['right', 1108.5958072999929], ['space', 1108.5963698999985], ['left', 1108.5970235999994], ['right', 1108.5975868999958], ['space', 1108.5981518999906], ['right', 1108.5989562999894], ['space', 1108.599955999991], ['left', 1108.6009024999948], ['space', 1108.601706299989], ['left', 1108.6023443999875], ['right', 1108.6031936999934], ['left', 1108.6033576999907]]
red_levels,JH,19,red,45,0.45,1.0,18.0,cut off by trial end,[0.5867374999943422, 0.6454690999962622, 0.5714884999906644, 1.0200781999883475, 0.49539730000833515, 1.2479453999985708, 1.5877532000013161, 1.395271400004276, 2.2077252000017324, 0.15603560001181904, 14.255252899994957, 0.6796552000014344, 2.584788899999694, 0.4140248000039719, 2.3221726000047056],[0.7922991000086768, 1.351486700004898, 1.9774085000099149, 2.5058396000094945, 3.4629902000015136, 3.905440100003034, 5.016281300006085, 6.589854000005289, 7.9688527999969665, 10.130039199997555, 10.410159000006388, 24.619073599998956, 25.258609700002125, 27.80514630000107, 28.15280999999959],['right', 'left', 'right', 'space', 'right', 'space', 'left', 'right', 'left', 'space', 'space', 'right', 'left', 'right', 'space'],[<psychopy.hardware.keyboard.KeyPress object at 0x00000274C52F2278>, <psychopy.hardware.keyboard.KeyPress object at 0x00000274C52F22E8>, <psychopy.hardware.keyboard.KeyPress object at 0x00000274C52EFA90>, <psychopy.hardware.keyboard.KeyPress object at 0x00000274CEEA8588>, <psychopy.hardware.keyboard.KeyPress object at 0x00000274CEEE74E0>, <psychopy.hardware.keyboard.KeyPress object at 0x00000274CEEE79B0>, <psychopy.hardware.keyboard.KeyPress object at 0x00000274CEEE7CF8>, <psychopy.hardware.keyboard.KeyPress object at 0x00000274CEEE72E8>, <psychopy.hardware.keyboard.KeyPress object at 0x00000274CEEE73C8>, <psychopy.hardware.keyboard.KeyPress object at 0x00000274C52F2710>, <psychopy.hardware.keyboard.KeyPress object at 0x00000274CEEE7668>, <psychopy.hardware.keyboard.KeyPress object at 0x00000274CEEE7C50>, <psychopy.hardware.keyboard.KeyPress object at 0x00000274CEEE7B00>, <psychopy.hardware.keyboard.KeyPress object at 0x00000274CEEE7F60>, <psychopy.hardware.keyboard.KeyPress object at 0x00000274CEEE7710>],635.66125,666.6535,[['right', 1141.2178127999941], ['left', 1141.2180211999948], ['right', 1141.218611999997], ['space', 1141.2191908999957], ['right', 1141.2198935999913], ['space', 1141.2203374999954], ['left', 1141.220999799989], ['right', 1141.221537599995], ['left', 1141.2220900999964], ['space', 1141.22266829999], ['space', 1141.223636699986], ['right', 1141.2239749], ['left', 1141.2245825999998], ['right', 1141.225340799996], ['space', 1141.2258333999926]]
red_levels,JH,20,blue,45,0.35,1.0,19.0,cut off by trial end,[4.1555102999991504, 0.5465194999997038, 3.9125994999922113, 0.6998948000109522, 2.1108619000006, 0.8449415000068257, 2.2945820999884745, 2.5590338000038173, 0.9623589000111679, 2.0546311999933096, 0.44406929999240674, 0.9491092999960529, 1.1718959999998333, 5.456802400003653, 0.7473017000011168, 0.6506200000003446],[1.539020000011078, 5.592486300010933, 6.095115800009808, 9.899561099999119, 10.530685500008985, 12.632797199999914, 13.45783160001156, 15.620439899998019, 18.14077189999807, 19.025353000004543, 21.050526400009403, 21.40338750000228, 22.303331400005845, 23.40031060000183, 29.181350900005782, 29.92160370000056],['space', 'right', 'space', 'left', 'space', 'right', 'space', 'right', 'left', 'right', 'left', 'space', 'left', 'right', 'right', 'left'],[<psychopy.hardware.keyboard.KeyPress object at 0x00000274CEEE3CF8>, <psychopy.hardware.keyboard.KeyPress object at 0x00000274CEEE3C18>, <psychopy.hardware.keyboard.KeyPress object at 0x00000274CEEE3128>, <psychopy.hardware.keyboard.KeyPress object at 0x00000274CEEE3FD0>, <psychopy.hardware.keyboard.KeyPress object at 0x00000274C52EF9B0>, <psychopy.hardware.keyboard.KeyPress object at 0x00000274C52F4C50>, <psychopy.hardware.keyboard.KeyPress object at 0x00000274C52F2940>, <psychopy.hardware.keyboard.KeyPress object at 0x00000274C52F2F60>, <psychopy.hardware.keyboard.KeyPress object at 0x00000274C52F2518>, <psychopy.hardware.keyboard.KeyPress object at 0x00000274C52F2D68>, <psychopy.hardware.keyboard.KeyPress object at 0x00000274C52F2B70>, <psychopy.hardware.keyboard.KeyPress object at 0x00000274CEEE3DD8>, <psychopy.hardware.keyboard.KeyPress object at 0x00000274CEEE3EB8>, <psychopy.hardware.keyboard.KeyPress object at 0x00000274C52F2748>, <psychopy.hardware.keyboard.KeyPress object at 0x00000274CEEE77B8>, <psychopy.hardware.keyboard.KeyPress object at 0x00000274CEEE7940>],671.85504,702.84644,[['space', 1177.4117410999897], ['right', 1177.4122519999946], ['space', 1177.4130103999923], ['left', 1177.4137461999926], ['space', 1177.4143056999892], ['right', 1177.415005799994], ['space', 1177.4155461999908], ['right', 1177.416181099994], ['left', 1177.4168236999976], ['right', 1177.4174022999941], ['left', 1177.4179658999929], ['space', 1177.4184117999976], ['left', 1177.4191705999983], ['right', 1177.4200681999937], ['right', 1177.420961099997], ['left', 1177.4211296999856]]
